[{"name":"_csrf","value":"5iAss3c2FBjHBGyhN22_t1MB","domain":"login.dat.com","hostOnly":true,"path":"/usernamepassword/login","secure":true,"httpOnly":true,"session":false,"expirationDate":1726876756.892561,"sameSite":"unspecified"},{"name":"did","value":"s%3Av0%3A6c971019-bb83-4df9-bdbe-b26e35a86f38.kyv%2B9jUn5CPT94lgiukfgep%2FinPBCp2Tmg4bUCRvnTo","domain":"login.dat.com","hostOnly":true,"path":"/","secure":true,"httpOnly":true,"session":false,"expirationDate":1757570356.028195,"sameSite":"no_restriction"},{"name":"did_compat","value":"s%3Av0%3A6c971019-bb83-4df9-bdbe-b26e35a86f38.kyv%2B9jUn5CPT94lgiukfgep%2FinPBCp2Tmg4bUCRvnTo","domain":"login.dat.com","hostOnly":true,"path":"/","secure":true,"httpOnly":true,"session":false,"expirationDate":1757570356.02824,"sameSite":"unspecified"},{"name":"ajs_anonymous_id","value":"c26bf8a0-998e-4ec6-8824-13bfc9b879d4","domain":".dat.com","hostOnly":false,"path":"/","secure":false,"httpOnly":false,"session":false,"expirationDate":1757569751,"sameSite":"lax"},{"name":"_ga","value":"GA1.1.241360511.1726012764","domain":".dat.com","hostOnly":false,"path":"/","secure":false,"httpOnly":false,"session":false,"expirationDate":1760572764.354225,"sameSite":"unspecified"},{"name":"_gcl_au","value":"1.1.1820981566.1726012764","domain":".dat.com","hostOnly":false,"path":"/","secure":false,"httpOnly":false,"session":false,"expirationDate":1733788764,"sameSite":"unspecified"},{"name":"_ga_C36TRC5CVZ","value":"GS1.1.1726012764.1.0.1726012775.0.0.0","domain":".dat.com","hostOnly":false,"path":"/","secure":false,"httpOnly":false,"session":false,"expirationDate":1760572775.542187,"sameSite":"unspecified"},{"name":"_ga_QYVEY2GZSM","value":"GS1.1.1726012764.1.0.1726012775.0.0.0","domain":".dat.com","hostOnly":false,"path":"/","secure":false,"httpOnly":false,"session":false,"expirationDate":1760572775.543745,"sameSite":"unspecified"},{"name":"auth0-mf","value":"VS0DoQDsARq3J22umNIYIQ.Ew7DZ5S0NEWmDMK9Q7qJrDO0VCpgMvNm3nO9_VbU26e1Cg7y1vyXx8CxI5GsxBulbPgh_toKFfXATeRz1UItYjc9NJhAo9K8ePDJFJu-LZhrn321OZkE5FKRjttdFE2B.1726012882803.2592000000.17LnkiPxJAtoYUS_1mTzp92Zvz1qQS_UVmOo0F5cKXY","domain":"login.dat.com","hostOnly":true,"path":"/","secure":true,"httpOnly":true,"session":false,"expirationDate":1726617682.754141,"sameSite":"no_restriction"},{"name":"auth0-mf_compat","value":"VS0DoQDsARq3J22umNIYIQ.Ew7DZ5S0NEWmDMK9Q7qJrDO0VCpgMvNm3nO9_VbU26e1Cg7y1vyXx8CxI5GsxBulbPgh_toKFfXATeRz1UItYjc9NJhAo9K8ePDJFJu-LZhrn321OZkE5FKRjttdFE2B.1726012882803.2592000000.17LnkiPxJAtoYUS_1mTzp92Zvz1qQS_UVmOo0F5cKXY","domain":"login.dat.com","hostOnly":true,"path":"/","secure":true,"httpOnly":true,"session":false,"expirationDate":1726617682.754211,"sameSite":"unspecified"},{"name":"auth0","value":"s%3ASiEASL6kF3m_KaKfKbpiWhLjxWaVyd6M.G9cpFkoA%2F8GVOCZlL082ukJxW0E1cu8H5UiS39DEk7w","domain":"login.dat.com","hostOnly":true,"path":"/","secure":true,"httpOnly":true,"session":false,"expirationDate":1726292945.101636,"sameSite":"no_restriction"},{"name":"auth0_compat","value":"s%3ASiEASL6kF3m_KaKfKbpiWhLjxWaVyd6M.G9cpFkoA%2F8GVOCZlL082ukJxW0E1cu8H5UiS39DEk7w","domain":"login.dat.com","hostOnly":true,"path":"/","secure":true,"httpOnly":true,"session":false,"expirationDate":1726292945.101706,"sameSite":"unspecified"},{"name":"ajs_user_id","value":"auth0|66ba0320cabf0ca6065bbdc6","domain":".dat.com","hostOnly":false,"path":"/","secure":false,"httpOnly":false,"session":false,"expirationDate":1757569751,"sameSite":"lax"},{"name":"dat_agent_device_id","value":"50d03ce4-fb35-f788-bd05-9fd1d709dab3","domain":".dat.com","hostOnly":false,"path":"/","secure":false,"httpOnly":false,"session":false,"expirationDate":1760572896.557813,"sameSite":"unspecified"},{"name":"AWSALBCORS","value":"7vU3LR2d2hpMSndXleDbY/We2hcBf900psf1bLBF687Xku5GatvSghXKe0a0xQG9gyTNdYcj5DyVF9cuIu46udgFjqhvym5kFFxUC3yUhJ/M4KbV+CffUxGAQBjQ","domain":"home-c37.nice-incontact.com","hostOnly":true,"path":"/","secure":true,"httpOnly":false,"session":false,"expirationDate":1726617697.367009,"sameSite":"no_restriction"},{"name":"__smVID","value":"2cdd9c461577c23c969fbd5e3cee7f7e3878232423bba84e8349d13100117b41","domain":"one.dat.com","hostOnly":true,"path":"/","secure":false,"httpOnly":false,"session":false,"expirationDate":1728625753,"sameSite":"unspecified"},{"name":"_hjSessionUser_2420462","value":"eyJpZCI6IjlhZDQ2MTk3LTc3OGUtNTkxNy04MzNjLThjMzQ5YzkyYTUyZSIsImNyZWF0ZWQiOjE3MjYwMTI4OTEzMzksImV4aXN0aW5nIjp0cnVlfQ==","domain":".dat.com","hostOnly":false,"path":"/","secure":true,"httpOnly":false,"session":false,"expirationDate":1757569744,"sameSite":"no_restriction"},{"name":"_hjSession_2420462","value":"eyJpZCI6IjM4MjU2M2ZmLWU4Y2ItNGJjOC1iZmM0LTYxZDM0NjA5M2ExZSIsImMiOjE3MjYwMzE3OTI3NjEsInMiOjAsInIiOjAsInNiIjowLCJzciI6MCwic2UiOjAsImZzIjowLCJzcCI6MH0=","domain":".dat.com","hostOnly":false,"path":"/","secure":true,"httpOnly":false,"session":false,"expirationDate":1726035415,"sameSite":"no_restriction"},{"name":"__cf_bm","value":"y9YHGB2VX5oTkB1yKZ9t8CZIdhPMnOz1KtN4l62WV_8-1726033442-1.0.1.1-OMBQf6KtR_YijDJfgQo4WvTvWz8Oc0MHiSHzBLFzcOcc8KdYknh12S9dsDuc7GvvDfNIDx13Cn7Lg7tC1v704w","domain":".dat.com","hostOnly":false,"path":"/","secure":true,"httpOnly":true,"session":false,"expirationDate":1726035242.186579,"sameSite":"no_restriction"},{"name":"_csrf","value":"P80mGCRaF63enRV_kUqrJY_n","domain":".api.stonly.com","hostOnly":false,"path":"/","secure":true,"httpOnly":false,"session":true,"sameSite":"no_restriction"},{"name":"_hjHasCachedUserAttributes","value":"true","domain":"one.dat.com","hostOnly":true,"path":"/","secure":true,"httpOnly":false,"session":true,"sameSite":"no_restriction"}]